{"timestamp":1745337943255,"data":{"2id2DV7d5Tph13g4tSUQEAwtYJvvb5tadZv6HgN9pump":0.000003973435445980477,"7rP7aSDFHYxNEK3xZXHBWRBcMfdWMnNYudoGxytqpump":0.0000050936471525070566,"EuRfcxR7BvNBy7mzfrnRzWrTyRcnfkr4rx2UaTPCpump":0.000004888158578844763,"4F9EgUPdMiEfdFE6mLb34DXgqd8FEU3Xee5YuhWmpump":0.0000054087694284364535,"23XM8sWwNuT2zdtYJF4gPpyxG8fwWyHnN1DQf7ESpump":0.000010407784047856052,"GYVm74sfXFdYmTETZd5CdAR7a6DJ2aw9JR7EoUAGpump":0.000005832015682893303,"2Yvr5wJaDDjUD7p6ateSB9rxJh7ZsYr61xN5JKwapump":0.000004174647867793919,"9XRDZ4Tu6agcVtBaQThjh4d8XKMTMZ9J9qpKgSQJpump":0.000004596910089972465,"BfqqtyWpFfrt9LhEKsC4NKTck7xPiY1biUTXd1tipump":0.0000035829019474394144,"6aMjur3GsUD84zsqeEg32vr6ySLhXB3z2VNZoEy9t4Ds":0.000006754375817332109,"AXuJHxMyehPvbyYGfAAuApC79M5YRfDSRjTyQcHU42LG":0.000004250135194186432,"7ktDsyXxWHmbKx3Txi867GD19v37nxMV1ZjoAAkZpump":0.000002734226229905873,"J3LqSDYnc9o7dz6WP3ZpquFrPYapBWBEHRD87kxQpump":0.000010787681964026888,"3k8keXUSCuqBkfqjLq6sxY1ufB88Ah8gjVWWEgdFpump":0.000003746917598838828,"72V4U6JgTCrXs8fc7sAreMzjkxRhUooNN18gtftppump":0.00000436717637869863,"5gC64QdMT4a4t73HYYYNVfoNmPekmKX7xWHa7m8ipump":0.00007824233101302827,"hkn2juZ2SgVjUke38mE1t7yvE54scVBAi1FRLQapump":0.000004430322264092185,"7qMtVKas792DfxKCEY8RJ8u2VQh1vVSAqcyH2Lqqpump":0.000011520719759626886,"3MBE6ScUdiMRDijmHRrCNKP9drfZmhjAnjZnkKMfpump":0.000004783790494512728,"7y5ReZrgqTygtXwwMjkXTi3xeQrP1B44YUw7GszTpump":0.000004557783004232079,"D9w9busY4P2vDfjR9hdYXzNdZymqMHFRFZmdLKn1pump":0.000004351340870190544,"4vmnFt9HnZkVmeoVxMCfdcCcWniR2hqGLH7QMYkg5jVc":0.0008908112394328996,"4J3U4mGJhpDjyKQr8nAc2pjLVQZaweEqxez2WHZTpump":0.000003844136616292886,"C4f7AQEDPUWqNVzQN42MP1AbXk2fSiV3o83oXjEUpump":0.000005054637605968162,"GXnNpfmireNWiW3W5GT4Rc1FzMsJ6ePHts3m9GDFpump":0.000003876580148844392,"6fQeART1jjMfajjzZSa4Cii8tDcmrm1gDw3uLVAFpump":0.000004574077439497763,"HuTXyQu1H7Fvgx6kJkSMzanvFjKJC49SSKttSi3xg9ip":0.000004652626356541904,"gC6SC9EjvNvzuMG8d45dHnursm6DxtYoLSSkJMmpump":0.0000045811114384787314,"7xQ1jxekGF2bF3gZjzqbJDUoo8EhpxjrMezPqpdMpump":0.000004133836043294456,"5GRb5ZKmm7tJE942eHgGhkbnhmSWJ8cXrxegfHqUpump":0.0000044582763602047,"CVS369sibsGWJxZNU7TJFtnxzq6Gg7xzmWXaEo68pump":0.0000055594266654548475,"5KtPKEmq5FkUiEJKrnbr9iTD11vrs4wkJvegvahLpump":0.00000605929820546513,"6wNAtioNCVTQbkWXEjyF5oVtgHXz3LMy5hUvwn1zpump":0.0000036606107708814407,"2dy5cR2TnJwY8sEcNydJEGWvViDhqfKQ6K1H9zLBpump":0.000003154051134387212,"9L6yevMCt9xZMz8rviiU3QCwxskvaGV8XeKTJsK2pump":0.0000048781464883106316,"Bhe4eszmC3SrSzHkdBa2CZ12xkxaw5bKUxFaYreEpump":0.000005337684691393857,"4RTnj6LsYgbyQjNDqZ69kw5qwYcpbTpFK7sXCMCuVcMf":0.000004346056602166493,"6S434p5Khds5zK52AQANDPUZQNXNy2RNJouJ2sBmpump":0.000003979314169616912,"8SALg7YbgPbX3HGLLguqr65iDmaiXajzazXU878FvRUE":0.003209329584191987,"FHzctJgXBrM5wEiFj8sF7EhNEhPn9zBh8q3YtZb7pump":0.0000032932103561186303,"5enA7EXxmgsrqwaxEAk1N3uoFhi7o7Tcy2uUrCXXpump":0.0000027961273639421404,"8vtxUHy9LdwYJEvPTtYq3mGq27kwcMveraE5bPHwpump":0.000004699520127865652,"7bsUNAfbMLM4cBoH2wZythpWUBQwqKtY3ZLoToMapump":0.000005295817048706778,"3cHLYj8eqVUQnzGjFZ8hYWo62qkU2J92Y7JrkVQ8TG3k":0.000004497197937249587,"8D57qvtW4XbPCMhSSyAg2HyFJEzvTjmLGNHK5wDU2zKS":0.000019216756951706106,"3ctZh9foeg3WDiiTES21VyHUbg9N7PutunkQzmHGKb7x":0.000004940351908027535,"SxDzbDJpuB8tnrhSXKC5Ed4zNkbDmmrV13GWwDBpump":0.000004191583201832771,"4PUbGvW9okehX8BranwLpxWQAGJpTfmaS69GLE47pump":0.0000029425981437749747,"JCk2on6m2XofvgHqAJuN1PMPqJfS2JV2bDVCNga2XigB":0.000007606029727195484,"8EPWYTAMX2zpXKvJnQtnGaRcU6uSCwPdh9FySerk62cT":0.00000325853655420742,"AvjdHDDBwsbzt47rZvLAmDnG9qbHPimBP2cLiyZjpump":0.000004146917192140369,"HPXqgm8xLMDJ2jW3pnYx37xgLamWoDS3AN5nmypS7ZkY":0.000007699949919598598,"3aG9a2yzEqSRfvih4RhZGsjWG3nD88R6BWq6Tbzspump":0.000004976249620039625,"3qS2FTpFFTMNsQLuC2NAL5JSQfLLqrw4pBWLk9g7UoNV":0.000004920829440492734,"GAfz4SLtGNiBGxt8AwQnUYWe4BKoUyXW2Pf1v4Jopump":0.000005287158823106984,"5HJegawps6jYGQKmubpcmi7H1dwNLWnLRiC2rF4bpump":0.00004142161631209946,"BDnBbWdpxdf93WLNEx7sXCASfdvNpsC3GavcsdoZpump":0.00000378816734221086,"AqvXLKGbYxzpAgSsTvzXYE6pwe48TVn9HMKmKUtNpump":0.000003593499252044037,"hguQ3afgncujb9U5Kg4UAWJTLmifEnRE3sFSyqypump":0.000003433073523953113,"DYozXSSEQvXkcRwWjEiwrXefYRpPrFPAkTq95B84pump":0.0000050513905849928465,"7DRbqFWHoY4Ci3jbt8CjxKujDaTGyxxUZUekaHzuhYGb":0.000008624627113728208,"61eQ8sYPTuzdgqhWgzRN8bjAKiYpXCxpQNe4vBLJpump":0.000003971689568036297,"4vjrUyf2sYA4vycyGThCAMWeXUTKtKsqK4QJ1JVDGsdS":0.000004200686698735457,"DHoadXCbf6TcadkcMGJ8kFRdDa2sXPQ1KrgodUDRpump":0.000050982250014479105,"8V9sZqvQcxqYAH4z8WRzNFWeET9r787oz57MQfnhpump":0.000011886749171534612,"422xrWsXzzxiBbNTQrTc4rg98tV6JNyBXzSJfL7opump":0.0000045404997169532596,"4eT1nCVBT7CNufTWw3GJ1QXPKJs4WbAibRRNu7KFpump":0.000004069945163515736,"4w7pRomwjgR7VyPiwVzNcDFUewwanGRjKyDUWgPZgvtB":0.000004470100240189986,"FufP4WWYTjea76vewTfE6MfKT5VDAiZGGS4xq2nypump":0.0000035102101091709037,"AzgWjzyfMRSNYQby1ZcdLT5LqvbvXMFzYmsmz27Lpump":0.00001534835317896898,"DNuv5zAnyRhpNQ5sP4vy97Ki5hNb6cyMiLRfemqh26gU":0.000054289722599607864,"81fZVEWRLJ2HNG1BvdyGYiUfhaLMaWLpouEVMLFtpump":0.000004065908933340095,"8CF4eANhgzKz2QYXrmNMUPwuq7Fe7Jv3grgjn1Gogkf":0.000004330300800040866,"HGrKoQRFZuMV495Me37J9hvM74578DkwSsC3skVjoDVf":0.000005064236397702201,"3MLDJ2tXKGkMyFJLjv9z3NTkoK6L8svbfcKQyzq2pump":0.000003995849664443903,"D1p8CAywh8pyeUq4rMKu6nDu41j96CqA6kUk9986pump":0.000007054739721860244,"Fttdk8qdrKncQs14iBYAi8KnsGknxLEsZbbDhBWnpump":0.000004071448640061384,"BQYn2kBdrf1PzFufu8a7CSXXCStBH1FkAVFrMukUpump":0.0000046587520997061605,"4oXw8Wjix4q17KqKifbR7FS7JyRdPUFPzYkHiKmepump":0.000004014411310198241,"3e8eVYoQmGUZSVKWzLnkSt6i6SNkgbwj7SYitkZzpump":0.0000033590988856220926,"DcDmTJb25PYLr6Dec2uPDKKc8jeorrbjbX9BuLZspump":0.000002966298080229066,"HcWE1sR8nHYmCPCwdCY4eV1Mg9Y578RYBwDXRgrcpump":0.000003894568413558599,"45EiUV7x7TVFH1pB4rJyxr5Jk2kawYashPP6128Spump":0.000004338241613265411,"3QpAdqpr3xNu46eRQmswAi1LbDxf1CwpP7hXTwGxpump":0.000004240635749172822,"GXBVn1vuTDb5tHpc8LBgybjzju48MyVSDjoGmfsB2vjp":0.000004670055105010245,"Eh7uzFfD7PXeBoyovYaiCsCoaYZ8MaBtdpwCN54npump":0.0000030949406131726474,"HbtmXAVyMKPCHpv5W9EfLH68aXyU44jcoPGv5MyYqHAc":0.000004472198937503752,"3mSyvNaJrV7912we42p2Pq6EzvojtczULPPfqekSpump":0.0003719582823658938,"7vyEKRxm8M46pAhtuZvY5hjwHbN7HCuvyiSnym6dpump":0.000003765357455202226,"7ij5esLPHU8zprHAMUHR1Bu8MEJX6cT5hzG1bBEcpump":0.000008917366716685131,"EQEQKZf5eSgeksva3JFp1AcTBZz5aoYgaWUHLodCpump":0.000010642618949577071,"FybTnSFmf6UZQ6ScAxaewGcmCxk5QTG2KuWUFLAhpump":0.000004558805571950251,"E7a9vUAC4dqK74TVg1tGGKSpYps8Ca8SV2dgouYvpump":0.0000049717142819909335,"5DTjnrFCdxo4YUb6LmDUNje9NraKrUkKvTB14kt4pump":0.000007717255281992625,"PsW6KG2XjkpwqKz9bb1oeB7fnZ1Nc7qMK7uquXSpump":0.000004315890890756112,"9YHGQ1YDgUXb1SPsy5B7nnPpdpgrkaFUjjas6Tuapump":0.0000039761006905992975,"7Vx853RtbydDj6TFbhdPBTTfdJEqDfucM4oYaumTpump":0.0000033087494421810785,"6hnZ9t6PnsG7H2TK3b8anYoWavbdFQK39bJKCmf9pump":0.00000416283827957092,"DKZ5RvC7QMpUA55fJyAomwuq6hHDDsHJTUAwMi9Epump":0.000004404593480120319,"Gs36DjuXUp7XJrHCdj7EcxoE5keT6y1hdHqYsxpUpump":0.0000035552249808472018,"So11111111111111111111111111111111111111112":145.00144502532535,"EPjFWdd5AufqSSqeM2qN1xzybapC8G4wEGGkZwyTDt1v":0.99997965,"HeUijGp1K1uwpJ4emZRH3fyn8LLfG5aAuuCiNsgvpump":0.000004284865007484896,"BYL3SNvy1qBxpyYcUkFsqmj9quPfpZtFKRYdLMuVpump":0.000004799655526108887,"3xTWUx8481hpCFCF7pkWThcxHvq66afrwBxWD6sjCjPm":0.000002983993774190688,"J73GTrhWEofgZqBjLLaxA9uN63urYJoaUcqjxMppump":0.000016259588949837753,"6T5SEQhoZug4U9xSReM91rYriXjcr8vrQRmnCzgfpump":0.0000042522569121875385,"5GotEop8yJGhrFqJq14jbUt9rFJd8LJZrg4p6HgFpump":0.0000037573880986451774,"DrcDsvWv25nis2NrR4dPzz9SyzasZD9wRKtCpNR3pump":0.000005027721729783296,"oU78sJ6gnCUim2BDpf54WfuFYBz888PsusVeTrkpump":0.0000037756547247262916,"64M1PKNy71eRK2tbev3uAH2pq4cMe5vG1x6644mnpump":0.000005664091725803179,"1bjtQKWaMpAcU34mhu3LDmDjUu6w29zxGPqo8hQpump":0.0000027361867218474554,