{"timestamp":1745418927095,"data":{"2id2DV7d5Tph13g4tSUQEAwtYJvvb5tadZv6HgN9pump":0.000004533437246958298,"7rP7aSDFHYxNEK3xZXHBWRBcMfdWMnNYudoGxytqpump":0.0000050936471525070566,"EuRfcxR7BvNBy7mzfrnRzWrTyRcnfkr4rx2UaTPCpump":0.00000483953918815418,"4F9EgUPdMiEfdFE6mLb34DXgqd8FEU3Xee5YuhWmpump":0.0000054087694284364535,"23XM8sWwNuT2zdtYJF4gPpyxG8fwWyHnN1DQf7ESpump":0.000009265153501666443,"GYVm74sfXFdYmTETZd5CdAR7a6DJ2aw9JR7EoUAGpump":0.000005832015682893303,"2Yvr5wJaDDjUD7p6ateSB9rxJh7ZsYr61xN5JKwapump":0.000004174647867793919,"9XRDZ4Tu6agcVtBaQThjh4d8XKMTMZ9J9qpKgSQJpump":0.0000052798703065692075,"BfqqtyWpFfrt9LhEKsC4NKTck7xPiY1biUTXd1tipump":0.0000035829019474394144,"6aMjur3GsUD84zsqeEg32vr6ySLhXB3z2VNZoEy9t4Ds":0.000006754375817332109,"AXuJHxMyehPvbyYGfAAuApC79M5YRfDSRjTyQcHU42LG":0.000004250135194186432,"7ktDsyXxWHmbKx3Txi867GD19v37nxMV1ZjoAAkZpump":0.000002734226229905873,"J3LqSDYnc9o7dz6WP3ZpquFrPYapBWBEHRD87kxQpump":0.000011241080906200437,"3k8keXUSCuqBkfqjLq6sxY1ufB88Ah8gjVWWEgdFpump":0.000003746917598838828,"72V4U6JgTCrXs8fc7sAreMzjkxRhUooNN18gtftppump":0.00000436717637869863,"5gC64QdMT4a4t73HYYYNVfoNmPekmKX7xWHa7m8ipump":0.00005654793713792072,"hkn2juZ2SgVjUke38mE1t7yvE54scVBAi1FRLQapump":0.000004430322264092185,"7qMtVKas792DfxKCEY8RJ8u2VQh1vVSAqcyH2Lqqpump":0.000012061812175814026,"3MBE6ScUdiMRDijmHRrCNKP9drfZmhjAnjZnkKMfpump":0.000004783790494512728,"7y5ReZrgqTygtXwwMjkXTi3xeQrP1B44YUw7GszTpump":0.000004557783004232079,"D9w9busY4P2vDfjR9hdYXzNdZymqMHFRFZmdLKn1pump":0.000004491121614190645,"4vmnFt9HnZkVmeoVxMCfdcCcWniR2hqGLH7QMYkg5jVc":0.0008908112394328996,"4J3U4mGJhpDjyKQr8nAc2pjLVQZaweEqxez2WHZTpump":0.00000415128304913017,"C4f7AQEDPUWqNVzQN42MP1AbXk2fSiV3o83oXjEUpump":0.000005598730360535586,"GXnNpfmireNWiW3W5GT4Rc1FzMsJ6ePHts3m9GDFpump":0.000003905162136132037,"6fQeART1jjMfajjzZSa4Cii8tDcmrm1gDw3uLVAFpump":0.000004710699969491511,"HuTXyQu1H7Fvgx6kJkSMzanvFjKJC49SSKttSi3xg9ip":0.00000909348468626188,"gC6SC9EjvNvzuMG8d45dHnursm6DxtYoLSSkJMmpump":0.0000045811114384787314,"7xQ1jxekGF2bF3gZjzqbJDUoo8EhpxjrMezPqpdMpump":0.00000493225740138167,"5GRb5ZKmm7tJE942eHgGhkbnhmSWJ8cXrxegfHqUpump":0.0000044582763602047,"CVS369sibsGWJxZNU7TJFtnxzq6Gg7xzmWXaEo68pump":0.000006817092291672374,"5KtPKEmq5FkUiEJKrnbr9iTD11vrs4wkJvegvahLpump":0.000006120048612801797,"6wNAtioNCVTQbkWXEjyF5oVtgHXz3LMy5hUvwn1zpump":0.0000036606107708814407,"2dy5cR2TnJwY8sEcNydJEGWvViDhqfKQ6K1H9zLBpump":0.0000035459581876354425,"9L6yevMCt9xZMz8rviiU3QCwxskvaGV8XeKTJsK2pump":0.0000048781464883106316,"Bhe4eszmC3SrSzHkdBa2CZ12xkxaw5bKUxFaYreEpump":0.000005993293572805834,"4RTnj6LsYgbyQjNDqZ69kw5qwYcpbTpFK7sXCMCuVcMf":0.000004848916340653534,"6S434p5Khds5zK52AQANDPUZQNXNy2RNJouJ2sBmpump":0.000003920566881571672,"8SALg7YbgPbX3HGLLguqr65iDmaiXajzazXU878FvRUE":0.003209329584191987,"FHzctJgXBrM5wEiFj8sF7EhNEhPn9zBh8q3YtZb7pump":0.0000035800168118884195,"5enA7EXxmgsrqwaxEAk1N3uoFhi7o7Tcy2uUrCXXpump":0.0000030642971085567833,"8vtxUHy9LdwYJEvPTtYq3mGq27kwcMveraE5bPHwpump":0.000004887222596714511,"7bsUNAfbMLM4cBoH2wZythpWUBQwqKtY3ZLoToMapump":0.000005295817048706778,"3cHLYj8eqVUQnzGjFZ8hYWo62qkU2J92Y7JrkVQ8TG3k":0.000004497197937249587,"8D57qvtW4XbPCMhSSyAg2HyFJEzvTjmLGNHK5wDU2zKS":0.00002031090309544625,"3ctZh9foeg3WDiiTES21VyHUbg9N7PutunkQzmHGKb7x":0.000005546198520550776,"SxDzbDJpuB8tnrhSXKC5Ed4zNkbDmmrV13GWwDBpump":0.000004191583201832771,"4PUbGvW9okehX8BranwLpxWQAGJpTfmaS69GLE47pump":0.0000031958075273059096,"JCk2on6m2XofvgHqAJuN1PMPqJfS2JV2bDVCNga2XigB":0.000007606029727195484,"8EPWYTAMX2zpXKvJnQtnGaRcU6uSCwPdh9FySerk62cT":0.00000325853655420742,"AvjdHDDBwsbzt47rZvLAmDnG9qbHPimBP2cLiyZjpump":0.00000461467566505129,"HPXqgm8xLMDJ2jW3pnYx37xgLamWoDS3AN5nmypS7ZkY":0.000007699949919598598,"3aG9a2yzEqSRfvih4RhZGsjWG3nD88R6BWq6Tbzspump":0.000004976249620039625,"3qS2FTpFFTMNsQLuC2NAL5JSQfLLqrw4pBWLk9g7UoNV":0.000005342763328431273,"GAfz4SLtGNiBGxt8AwQnUYWe4BKoUyXW2Pf1v4Jopump":0.000004502231472380932,"5HJegawps6jYGQKmubpcmi7H1dwNLWnLRiC2rF4bpump":0.00003030534057412811,"BDnBbWdpxdf93WLNEx7sXCASfdvNpsC3GavcsdoZpump":0.00000378816734221086,"AqvXLKGbYxzpAgSsTvzXYE6pwe48TVn9HMKmKUtNpump":0.0000037852122648397804,"hguQ3afgncujb9U5Kg4UAWJTLmifEnRE3sFSyqypump":0.0000035955536243283246,"DYozXSSEQvXkcRwWjEiwrXefYRpPrFPAkTq95B84pump":0.0000050513905849928465,"7DRbqFWHoY4Ci3jbt8CjxKujDaTGyxxUZUekaHzuhYGb":0.000008624627113728208,"61eQ8sYPTuzdgqhWgzRN8bjAKiYpXCxpQNe4vBLJpump":0.000003971689568036297,"4vjrUyf2sYA4vycyGThCAMWeXUTKtKsqK4QJ1JVDGsdS":0.0000045632060844561106,"DHoadXCbf6TcadkcMGJ8kFRdDa2sXPQ1KrgodUDRpump":0.0000627699613249482,"8V9sZqvQcxqYAH4z8WRzNFWeET9r787oz57MQfnhpump":0.000012164294785203975,"422xrWsXzzxiBbNTQrTc4rg98tV6JNyBXzSJfL7opump":0.0000045404997169532596,"4eT1nCVBT7CNufTWw3GJ1QXPKJs4WbAibRRNu7KFpump":0.000004069945163515736,"4w7pRomwjgR7VyPiwVzNcDFUewwanGRjKyDUWgPZgvtB":0.000004311845253691735,"FufP4WWYTjea76vewTfE6MfKT5VDAiZGGS4xq2nypump":0.0000035102101091709037,"AzgWjzyfMRSNYQby1ZcdLT5LqvbvXMFzYmsmz27Lpump":0.000016220010778114994,"DNuv5zAnyRhpNQ5sP4vy97Ki5hNb6cyMiLRfemqh26gU":0.00005583720140976044,"81fZVEWRLJ2HNG1BvdyGYiUfhaLMaWLpouEVMLFtpump":0.000004065908933340095,"8CF4eANhgzKz2QYXrmNMUPwuq7Fe7Jv3grgjn1Gogkf":0.00000463023187958198,"HGrKoQRFZuMV495Me37J9hvM74578DkwSsC3skVjoDVf":0.000005064236397702201,"3MLDJ2tXKGkMyFJLjv9z3NTkoK6L8svbfcKQyzq2pump":0.000003995849664443903,"D1p8CAywh8pyeUq4rMKu6nDu41j96CqA6kUk9986pump":0.000006895067143063416,"Fttdk8qdrKncQs14iBYAi8KnsGknxLEsZbbDhBWnpump":0.000004359663637816206,"BQYn2kBdrf1PzFufu8a7CSXXCStBH1FkAVFrMukUpump":0.0000046587520997061605,"4oXw8Wjix4q17KqKifbR7FS7JyRdPUFPzYkHiKmepump":0.000004014411310198241,"3e8eVYoQmGUZSVKWzLnkSt6i6SNkgbwj7SYitkZzpump":0.0000033590988856220926,"DcDmTJb25PYLr6Dec2uPDKKc8jeorrbjbX9BuLZspump":0.0000032535799476479326,"HcWE1sR8nHYmCPCwdCY4eV1Mg9Y578RYBwDXRgrcpump":0.000003894568413558599,"45EiUV7x7TVFH1pB4rJyxr5Jk2kawYashPP6128Spump":0.000004338241613265411,"3QpAdqpr3xNu46eRQmswAi1LbDxf1CwpP7hXTwGxpump":0.000004240635749172822,"GXBVn1vuTDb5tHpc8LBgybjzju48MyVSDjoGmfsB2vjp":0.0000051222851881251365,"Eh7uzFfD7PXeBoyovYaiCsCoaYZ8MaBtdpwCN54npump":0.0000030949406131726474,"GzsVHGdnwmRbjKrq8DXTt6b6W6xG14Ryg1enQ7daQuGT":0.000004597773820679229,"HbtmXAVyMKPCHpv5W9EfLH68aXyU44jcoPGv5MyYqHAc":0.000004694150222946661,"3mSyvNaJrV7912we42p2Pq6EzvojtczULPPfqekSpump":0.0005845634330942092,"7vyEKRxm8M46pAhtuZvY5hjwHbN7HCuvyiSnym6dpump":0.000003716409193173844,"EbFogghDYCPxg8NDzWJXyJMykNVjfLLgm1o3h7H7pump":0.00004760109327404194,"7ij5esLPHU8zprHAMUHR1Bu8MEJX6cT5hzG1bBEcpump":0.000008917366716685131,"EQEQKZf5eSgeksva3JFp1AcTBZz5aoYgaWUHLodCpump":0.000017485683303342486,"FybTnSFmf6UZQ6ScAxaewGcmCxk5QTG2KuWUFLAhpump":0.000004954797555820695,"E7a9vUAC4dqK74TVg1tGGKSpYps8Ca8SV2dgouYvpump":0.0000053765744410035205,"5DTjnrFCdxo4YUb6LmDUNje9NraKrUkKvTB14kt4pump":0.000008029380872623339,"PsW6KG2XjkpwqKz9bb1oeB7fnZ1Nc7qMK7uquXSpump":0.0000039811156930189625,"9YHGQ1YDgUXb1SPsy5B7nnPpdpgrkaFUjjas6Tuapump":0.0000039761006905992975,"7Vx853RtbydDj6TFbhdPBTTfdJEqDfucM4oYaumTpump":0.0000035953843058622787,"6hnZ9t6PnsG7H2TK3b8anYoWavbdFQK39bJKCmf9pump":0.000004418604164219505,"So11111111111111111111111111111111111111112":150.88821813876268,"EPjFWdd5AufqSSqeM2qN1xzybapC8G4wEGGkZwyTDt1v":0.99996278,"DKZ5RvC7QMpUA55fJyAomwuq6hHDDsHJTUAwMi9Epump":0.000004829724317209211,"Gs36DjuXUp7XJrHCdj7EcxoE5keT6y1hdHqYsxpUpump":0.0000035552249808472018,"HeUijGp1K1uwpJ4emZRH3fyn8LLfG5aAuuCiNsgvpump":0.0000047609170551913364,"BYL3SNvy1qBxpyYcUkFsqmj9quPfpZtFKRYdLMuVpump":0.000004799655526108887,"3xTWUx8481hpCFCF7pkWThcxHvq66afrwBxWD6sjCjPm":0.000002983993774190688,"J73GTrhWEofgZqBjLLaxA9uN63urYJoaUcqjxMppump":0.00002202704012859181,"6T5SEQhoZug4U9xSReM91rYriXjcr8vrQRmnCzgfpump":0.0000042522569121875385,"5GotEop8yJGhrFqJq14jbUt9rFJd8LJZrg4p6HgFpump":0.0000037573880986451774,"DrcDsvWv25nis2NrR4dPzz9SyzasZD9wRKtCpNR3pump":0.0000054756212324064476,"oU78sJ6gnCUim2BDpf54WfuFYBz888PsusVeTrkpump":0.000003865011170156939,