{"timestamp":1745332457333,"data":{"4M79Qjv2Jfjmcq19M41V8QFYohBv2KrgEn9dJhVtpump":0.0005621432251235278,"A8C3xuqscfmyLrte3VmTqrAq8kgMASius9AFNANwpump":0.04166575071193756,"3B5wuUrMEi5yATD7on46hKfej3pfmd7t1RKgrsN3pump":0.001997125201808395,"8WQyeUMjVkkmpG4p2VWP3oqUJBsDGnWukKqu6vBQpump":0.000049444564028133074,"44BeDxrj1ug7bz65D3kGrwDQFPWbWnPXhkeGJCEtpump":0.0000024444315953648364,"6yjNqPzTSanBWSa6dxVEgTjePXBrZ2FoHLDQwYwEsyM6":0.0019011382651742755,"B3acSbP8gdqCfhiveW6HZJVNmNZfo5yDBg8RnDVzpump":0.00008293204780365136,"25hAyBQfoDhfWx9ay6rarbgvWGwDdNqcHsXS3jQ3mTDJ":0.002348778994903863,"EPjFWdd5AufqSSqeM2qN1xzybapC8G4wEGGkZwyTDt1v":1.00004065,"5SVG3T9CNQsm2kEwzbRq6hASqh1oGfjqTtLXYUibpump":0.025687700745974665,"6ogzHhzdrQr9Pgv6hZ2MNze7UrzBMAFyBBWUYp1Fhitx":0.01730201397802667,"7TM7nzyhef5WJfsSjFFuoU2KnP3cocBcXpY1VP8jpump":0.0007781125426535191,"8fZL148nnC168RAVCZh4PkjvMZmxMEfMLDhoziWVPnqf":0.0009870196225821234,"FbS8ZqSYASw1F9isx5hS57vFqBtajGNcrfyMuZGnFHa6":0.0000017758683882204921,"Fch1oixTPri8zxBnmdCEADoJW2toyFHxqDZacQkwdvSP":0.004642568562735303,"3WPep4ufaToK1aS5s8BL9inzeUrt4DYaQCiic6ZkkC1U":0.41526839845914515,"BreuhVohXX5fv6q41uyb3sojtAuGoGaiAhKBMtcrpump":0.005161358433647788,"5QJkNxJPMviSpo49h9AY6FqFEUaWJ51eUdC3ZfsLpump":0.0000027567239599125255,"So11111111111111111111111111111111111111112":143.2730656906819,"BrhWtD6xw9kCf8HJycq91KbCaCAyLCQ3JDYN5QaQpump":0.000013275836050546978,"2KwmXnVBBatB7rYM44PDmS3d84ytuTZHKy5HhGBwpump":0.00000391852492669272,"6JGSHS9GrE9uG8ix63w3DPMYHrgrJ6J4QyHbBhAepump":0.0013419664281082641,"7M9KJcPNC65ShLDmJmTNhVFcuY95Y1VMeYngKgt67D1t":0.00027025277886941565,"CQSzJzwW5H1oyWrp6QhfUKYYwyovbSiVDKnAxNfb1tJC":0.0007210584254893139,"xEew9NbvGb8CwRmWKVG9UT9yvGFbDGF4txBs9cN2iDX":0.000003948755501509577,"86t88w3MKT38HChTBKBwEeb1RW1MeTceaW68qY2Vpump":0.011301774934711467,"GUxKzvR7QmvA5M5j2LufNynVMa6hxjWkERDM7Vnpvvii":0.00017740781423979351,"8ksk3fV5rRbAN8Dks4k3PYn1QW8xLiMGDkVLSmLBpump":0.00002333278519455133,"ApHmiYk5q9pTv9jkFtq6RnrrxwxeFiVH1nG3gyEhzNCc":1155581.6643081699,"7AJ1KjzjstMnQGzZk1HAKx2atmvvRqWvmRbdYmnviryq":0.0005020750030847513,"FkBF9u1upwEMUPxnXjcydxxVSxgr8f3k1YXbz7G7bmtA":0.0007004413231748594}}