{"timestamp":1745334578376,"data":{"4M79Qjv2Jfjmcq19M41V8QFYohBv2KrgEn9dJhVtpump":0.0005621432251235278,"A8C3xuqscfmyLrte3VmTqrAq8kgMASius9AFNANwpump":0.04108009136611554,"3B5wuUrMEi5yATD7on46hKfej3pfmd7t1RKgrsN3pump":0.00193950802150465,"8WQyeUMjVkkmpG4p2VWP3oqUJBsDGnWukKqu6vBQpump":0.000049444564028133074,"44BeDxrj1ug7bz65D3kGrwDQFPWbWnPXhkeGJCEtpump":0.0000024444315953648364,"6yjNqPzTSanBWSa6dxVEgTjePXBrZ2FoHLDQwYwEsyM6":0.0018966810873606989,"B3acSbP8gdqCfhiveW6HZJVNmNZfo5yDBg8RnDVzpump":0.00008438737408422004,"25hAyBQfoDhfWx9ay6rarbgvWGwDdNqcHsXS3jQ3mTDJ":0.0024892278793519416,"EPjFWdd5AufqSSqeM2qN1xzybapC8G4wEGGkZwyTDt1v":0.99999682,"5SVG3T9CNQsm2kEwzbRq6hASqh1oGfjqTtLXYUibpump":0.027500883272980534,"6ogzHhzdrQr9Pgv6hZ2MNze7UrzBMAFyBBWUYp1Fhitx":0.017421869718416066,"7TM7nzyhef5WJfsSjFFuoU2KnP3cocBcXpY1VP8jpump":0.000784427398870199,"8fZL148nnC168RAVCZh4PkjvMZmxMEfMLDhoziWVPnqf":0.0010128477305452268,"FbS8ZqSYASw1F9isx5hS57vFqBtajGNcrfyMuZGnFHa6":0.0000017758683882204921,"Fch1oixTPri8zxBnmdCEADoJW2toyFHxqDZacQkwdvSP":0.004878805303804533,"3WPep4ufaToK1aS5s8BL9inzeUrt4DYaQCiic6ZkkC1U":0.445266192384551,"BreuhVohXX5fv6q41uyb3sojtAuGoGaiAhKBMtcrpump":0.00525913221899029,"5QJkNxJPMviSpo49h9AY6FqFEUaWJ51eUdC3ZfsLpump":0.0000027567239599125255,"So11111111111111111111111111111111111111112":144.83357711585992,"BrhWtD6xw9kCf8HJycq91KbCaCAyLCQ3JDYN5QaQpump":0.000013275836050546978,"2KwmXnVBBatB7rYM44PDmS3d84ytuTZHKy5HhGBwpump":0.00000391852492669272,"6JGSHS9GrE9uG8ix63w3DPMYHrgrJ6J4QyHbBhAepump":0.0013487431680905373,"7M9KJcPNC65ShLDmJmTNhVFcuY95Y1VMeYngKgt67D1t":0.00027025277886941565,"CQSzJzwW5H1oyWrp6QhfUKYYwyovbSiVDKnAxNfb1tJC":0.0007296363009650226,"xEew9NbvGb8CwRmWKVG9UT9yvGFbDGF4txBs9cN2iDX":0.000003948755501509577,"86t88w3MKT38HChTBKBwEeb1RW1MeTceaW68qY2Vpump":0.011578485835377414,"GUxKzvR7QmvA5M5j2LufNynVMa6hxjWkERDM7Vnpvvii":0.0001950366468623226,"8ksk3fV5rRbAN8Dks4k3PYn1QW8xLiMGDkVLSmLBpump":0.00002333278519455133,"ApHmiYk5q9pTv9jkFtq6RnrrxwxeFiVH1nG3gyEhzNCc":1155581.6643081699,"7AJ1KjzjstMnQGzZk1HAKx2atmvvRqWvmRbdYmnviryq":0.0005079118477517397,"FkBF9u1upwEMUPxnXjcydxxVSxgr8f3k1YXbz7G7bmtA":0.0006947072350465779}}